{
    "R": [
        [
            0.1368001401424408,
            -0.916789710521698,
            -0.3752097487449646
        ],
        [
            0.8517653346061707,
            -0.08451763540506363,
            0.5170615315437317
        ],
        [
            -0.5057485103607178,
            -0.39032474160194397,
            0.7693276405334473
        ]
    ],
    "T": [
        0.412962406873703,
        -0.8530248403549194,
        7.433487892150879
    ]
}