{
    "R": [
        [
            -0.21090969443321228,
            -0.8928388953208923,
            -0.39793938398361206
        ],
        [
            0.8534753918647766,
            -0.3666636049747467,
            0.3703209459781647
        ],
        [
            -0.47654685378074646,
            -0.2615272104740143,
            0.8393489122390747
        ]
    ],
    "T": [
        0.45642367005348206,
        -0.8491582870483398,
        7.374411582946777
    ]
}