{
    "R": [
        [
            -0.9957724213600159,
            0.025861578062176704,
            -0.08813883364200592
        ],
        [
            -0.02553694322705269,
            -0.9996623396873474,
            -0.004809000063687563
        ],
        [
            -0.08823343366384506,
            -0.0025378731079399586,
            0.9960966110229492
        ]
    ],
    "T": [
        -0.16028328239917755,
        -0.9004115462303162,
        8.080631256103516
    ]
}