{
    "R": [
        [
            -0.9251482486724854,
            -0.3027316927909851,
            -0.22902899980545044
        ],
        [
            0.31169119477272034,
            -0.9501783847808838,
            -0.0031063579954206944
        ],
        [
            -0.21667800843715668,
            -0.0742601677775383,
            0.9734146595001221
        ]
    ],
    "T": [
        0.22107966244220734,
        -1.115495204925537,
        8.096537590026855
    ]
}