{
    "R": [
        [
            -0.6168549060821533,
            -0.6751506328582764,
            -0.404551237821579
        ],
        [
            0.6819452047348022,
            -0.7150947451591492,
            0.1535910665988922
        ],
        [
            -0.3929895758628845,
            -0.18113836646080017,
            0.9015254378318787
        ]
    ],
    "T": [
        0.6841860413551331,
        -1.151497483253479,
        7.767570972442627
    ]
}