{
    "R": [
        [
            -0.9964959621429443,
            -0.011838029138743877,
            -0.08279874175786972
        ],
        [
            0.013240300118923187,
            -0.9997777342796326,
            -0.016407344490289688
        ],
        [
            -0.08258610218763351,
            -0.017446134239435196,
            0.9964312314987183
        ]
    ],
    "T": [
        0.02135404571890831,
        -1.0542737245559692,
        7.866715908050537
    ]
}