{
    "R": [
        [
            -0.8912100791931152,
            -0.36302849650382996,
            -0.2719464600086212
        ],
        [
            0.37479498982429504,
            -0.9270610809326172,
            0.00929782073944807
        ],
        [
            -0.2554863393306732,
            -0.0936378538608551,
            0.9622674584388733
        ]
    ],
    "T": [
        0.4283864498138428,
        -1.2210285663604736,
        7.951530456542969
    ]
}