{
    "R": [
        [
            -0.9776273369789124,
            0.20821788907051086,
            0.029834061861038208
        ],
        [
            -0.20777148008346558,
            -0.9780228137969971,
            0.017388664186000824
        ],
        [
            0.032799024134874344,
            0.010800966061651707,
            0.9994035959243774
        ]
    ],
    "T": [
        -0.24575407803058624,
        -0.6545161008834839,
        8.015863418579102
    ]
}