{
    "R": [
        [
            -0.9813010692596436,
            0.19153562188148499,
            0.019036078825592995
        ],
        [
            -0.19146278500556946,
            -0.9814839363098145,
            0.005594910588115454
        ],
        [
            0.019755229353904724,
            0.001845591003075242,
            0.9998031258583069
        ]
    ],
    "T": [
        -0.17827802896499634,
        -0.7757527232170105,
        7.95819616317749
    ]
}