{
    "R": [
        [
            -0.7726328372955322,
            -0.5292220711708069,
            -0.3506600856781006
        ],
        [
            0.5429174304008484,
            -0.8370996117591858,
            0.06711850315332413
        ],
        [
            -0.3290580213069916,
            -0.13852150738239288,
            0.9340945482254028
        ]
    ],
    "T": [
        0.47849756479263306,
        -1.2056676149368286,
        7.773293495178223
    ]
}