{
    "R": [
        [
            -0.9951658844947815,
            0.09151031076908112,
            -0.03564722090959549
        ],
        [
            -0.09156254678964615,
            -0.9957993030548096,
            -0.00016766561020631343
        ],
        [
            -0.03551282361149788,
            0.003097095526754856,
            0.99936443567276
        ]
    ],
    "T": [
        -0.13226768374443054,
        -0.8461359143257141,
        7.9069342613220215
    ]
}