{
    "R": [
        [
            -0.9974026083946228,
            0.03287148475646973,
            -0.06409022212028503
        ],
        [
            -0.03195872902870178,
            -0.9993733763694763,
            -0.015215565450489521
        ],
        [
            -0.06455021351575851,
            -0.013127801939845085,
            0.9978281259536743
        ]
    ],
    "T": [
        -0.16099055111408234,
        -0.9480558633804321,
        8.118282318115234
    ]
}