{
    "R": [
        [
            -0.0420527346432209,
            -0.9229447841644287,
            -0.382628470659256
        ],
        [
            0.8734912872314453,
            -0.2198735922574997,
            0.43435993790626526
        ],
        [
            -0.48502013087272644,
            -0.31595662236213684,
            0.8154305219650269
        ]
    ],
    "T": [
        0.4433842897415161,
        -0.7917118668556213,
        7.27199649810791
    ]
}