{
    "R": [
        [
            -0.978823184967041,
            0.20212699472904205,
            0.03240225091576576
        ],
        [
            -0.20182128250598907,
            -0.9793428778648376,
            0.012477219104766846
        ],
        [
            0.03425489738583565,
            0.005673527251929045,
            0.9993970394134521
        ]
    ],
    "T": [
        -0.22915010154247284,
        -0.6973758339881897,
        8.006224632263184
    ]
}