{
    "R": [
        [
            -0.956179678440094,
            -0.2279043197631836,
            -0.1837935894727707
        ],
        [
            0.23190559446811676,
            -0.9727382659912109,
            -0.00028384890174493194
        ],
        [
            -0.17871835827827454,
            -0.04289416968822479,
            0.982964813709259
        ]
    ],
    "T": [
        0.1252567321062088,
        -1.0235198736190796,
        7.911604881286621
    ]
}