{
    "R": [
        [
            -0.989367663860321,
            -0.06695616990327835,
            -0.12910643219947815
        ],
        [
            0.06647270917892456,
            -0.9977557063102722,
            0.008054984733462334
        ],
        [
            -0.1293560117483139,
            -0.0006127129308879375,
            0.9915980100631714
        ]
    ],
    "T": [
        -0.02721639908850193,
        -0.8970346450805664,
        8.036216735839844
    ]
}