{
    "R": [
        [
            -0.2698097229003906,
            -0.8722187876701355,
            -0.40796706080436707
        ],
        [
            0.8414600491523743,
            -0.41954782605171204,
            0.34047695994377136
        ],
        [
            -0.4681320786476135,
            -0.25142401456832886,
            0.8471353650093079
        ]
    ],
    "T": [
        0.5064131021499634,
        -0.9248295426368713,
        7.420537948608398
    ]
}