{
    "R": [
        [
            -0.825984001159668,
            -0.4568656384944916,
            -0.33018821477890015
        ],
        [
            0.4722176492214203,
            -0.880692720413208,
            0.037293940782547
        ],
        [
            -0.3078326880931854,
            -0.1251165121793747,
            0.943178117275238
        ]
    ],
    "T": [
        0.386560320854187,
        -1.2902488708496094,
        7.918468475341797
    ]
}