{
    "R": [
        [
            -0.5684539079666138,
            -0.7108123898506165,
            -0.41425344347953796
        ],
        [
            0.7128307223320007,
            -0.6769381165504456,
            0.18337716162204742
        ],
        [
            -0.4107706844806671,
            -0.19105111062526703,
            0.891497015953064
        ]
    ],
    "T": [
        0.7484416961669922,
        -1.1701886653900146,
        7.609079837799072
    ]
}