{
    "R": [
        [
            -0.9941915273666382,
            -0.03736744076013565,
            -0.10093030333518982
        ],
        [
            0.03664174675941467,
            -0.9992876052856445,
            0.009035005234181881
        ],
        [
            -0.10119601339101791,
            0.0052842628210783005,
            0.9948524832725525
        ]
    ],
    "T": [
        -0.008880581706762314,
        -0.7967879176139832,
        7.995748996734619
    ]
}