{
    "R": [
        [
            -0.9781270027160645,
            0.20570828020572662,
            0.03084874339401722
        ],
        [
            -0.20531250536441803,
            -0.9785733222961426,
            0.0155246052891016
        ],
        [
            0.033381298184394836,
            0.008851402439177036,
            0.9994034767150879
        ]
    ],
    "T": [
        -0.23879849910736084,
        -0.6701391935348511,
        8.008397102355957
    ]
}