{
    "R": [
        [
            -0.9112560749053955,
            -0.32133424282073975,
            -0.2575978934764862
        ],
        [
            0.334461510181427,
            -0.9423786401748657,
            -0.007614736445248127
        ],
        [
            -0.24030788242816925,
            -0.0930955559015274,
            0.9662222266197205
        ]
    ],
    "T": [
        0.4176506996154785,
        -1.2579851150512695,
        8.109318733215332
    ]
}