{
    "R": [
        [
            -0.9179976582527161,
            -0.3090159296989441,
            -0.24857483804225922
        ],
        [
            0.32091742753982544,
            -0.9470750093460083,
            -0.007805130910128355
        ],
        [
            -0.23300710320472717,
            -0.0869370847940445,
            0.9685812592506409
        ]
    ],
    "T": [
        0.36349329352378845,
        -1.2259942293167114,
        8.103882789611816
    ]
}