{
    "R": [
        [
            -0.673729658126831,
            -0.6321723461151123,
            -0.38268327713012695
        ],
        [
            0.6406217217445374,
            -0.7577823400497437,
            0.12397501617670059
        ],
        [
            -0.3683641850948334,
            -0.1616295576095581,
            0.9155237078666687
        ]
    ],
    "T": [
        0.6894433498382568,
        -1.1335995197296143,
        7.880948066711426
    ]
}