{
    "R": [
        [
            -0.9225934147834778,
            -0.302480548620224,
            -0.2394304871559143
        ],
        [
            0.31243062019348145,
            -0.9499329924583435,
            -0.0038014214951545
        ],
        [
            -0.22629305720329285,
            -0.07831258326768875,
            0.9709060788154602
        ]
    ],
    "T": [
        0.30811238288879395,
        -1.166310429573059,
        8.16539192199707
    ]
}