{
    "R": [
        [
            -0.6894789934158325,
            -0.6197335124015808,
            -0.3748987317085266
        ],
        [
            0.6275931596755981,
            -0.7695589661598206,
            0.11792285740375519
        ],
        [
            -0.36158743500709534,
            -0.15397855639457703,
            0.9195352792739868
        ]
    ],
    "T": [
        0.6663201451301575,
        -1.0948491096496582,
        7.849947452545166
    ]
}