{
    "R": [
        [
            -0.9361838698387146,
            -0.2837391197681427,
            -0.20748944580554962
        ],
        [
            0.29128336906433105,
            -0.9566174149513245,
            -0.006096791010349989
        ],
        [
            -0.19675810635089874,
            -0.06614594161510468,
            0.9782182574272156
        ]
    ],
    "T": [
        0.210831880569458,
        -1.0838831663131714,
        7.99899435043335
    ]
}