{
    "R": [
        [
            -0.13343405723571777,
            -0.9090210795402527,
            -0.39481133222579956
        ],
        [
            0.8666594624519348,
            -0.3002627193927765,
            0.39842647314071655
        ],
        [
            -0.4807251989841461,
            -0.28900331258773804,
            0.8278770446777344
        ]
    ],
    "T": [
        0.4513113498687744,
        -0.8437761068344116,
        7.235817909240723
    ]
}