{
    "R": [
        [
            -0.6465247273445129,
            -0.6513485312461853,
            -0.39717862010002136
        ],
        [
            0.6635355949401855,
            -0.7370158433914185,
            0.12856188416481018
        ],
        [
            -0.3764655292034149,
            -0.18042370676994324,
            0.908691942691803
        ]
    ],
    "T": [
        0.7258392572402954,
        -1.2091937065124512,
        7.8102641105651855
    ]
}