{
    "R": [
        [
            -0.3302236795425415,
            -0.8541666269302368,
            -0.4016861021518707
        ],
        [
            0.8204599022865295,
            -0.47015538811683655,
            0.32526832818984985
        ],
        [
            -0.46668824553489685,
            -0.22215601801872253,
            0.8560658693313599
        ]
    ],
    "T": [
        0.512227475643158,
        -0.8456096649169922,
        7.420183181762695
    ]
}