{
    "R": [
        [
            -0.9965568780899048,
            0.002498427638784051,
            -0.08287427574396133
        ],
        [
            -0.003044509794563055,
            -0.9999744892120361,
            0.006463567726314068
        ],
        [
            -0.08285600692033768,
            0.006693624425679445,
            0.9965390563011169
        ]
    ],
    "T": [
        -0.04174840450286865,
        -0.8021016120910645,
        7.956435680389404
    ]
}