{
    "R": [
        [
            -0.3423934876918793,
            -0.8475463390350342,
            -0.4055020809173584
        ],
        [
            0.8135545253753662,
            -0.4833361506462097,
            0.32328805327415466
        ],
        [
            -0.4699954092502594,
            -0.21920634806156158,
            0.85501629114151
        ]
    ],
    "T": [
        0.5018801689147949,
        -0.8141030073165894,
        7.478279113769531
    ]
}