{
    "R": [
        [
            -0.9975667595863342,
            0.018493754789233208,
            -0.06721996515989304
        ],
        [
            -0.017436208203434944,
            -0.9997153282165527,
            -0.016285467892885208
        ],
        [
            -0.06750201433897018,
            -0.015073779970407486,
            0.9976052641868591
        ]
    ],
    "T": [
        -0.05186055600643158,
        -0.9964174628257751,
        8.004068374633789
    ]
}