{
    "R": [
        [
            -0.4503742754459381,
            -0.7924580574035645,
            -0.4113067388534546
        ],
        [
            0.7793629169464111,
            -0.573692262172699,
            0.251933753490448
        ],
        [
            -0.43561044335365295,
            -0.20709271728992462,
            0.8759886622428894
        ]
    ],
    "T": [
        0.7606623768806458,
        -0.9705156683921814,
        7.480626106262207
    ]
}