{
    "R": [
        [
            -0.9925875663757324,
            -0.04281167685985565,
            -0.11374127864837646
        ],
        [
            0.042280636727809906,
            -0.9990807175636292,
            0.007078204769641161
        ],
        [
            -0.11393974721431732,
            0.00221668416634202,
            0.9934852123260498
        ]
    ],
    "T": [
        -0.1085628792643547,
        -0.8900108337402344,
        8.101545333862305
    ]
}