{
    "R": [
        [
            -0.390741765499115,
            -0.8263580799102783,
            -0.4055282473564148
        ],
        [
            0.8014674186706543,
            -0.5220992565155029,
            0.29165446758270264
        ],
        [
            -0.452737033367157,
            -0.21105611324310303,
            0.8663050532341003
        ]
    ],
    "T": [
        0.6438866257667542,
        -0.8389620780944824,
        7.549345970153809
    ]
}