{
    "R": [
        [
            -0.9903540015220642,
            -0.06309709697961807,
            -0.1233602985739708
        ],
        [
            0.06242329254746437,
            -0.9980062246322632,
            0.009323406033217907
        ],
        [
            -0.12370263040065765,
            0.0015329162124544382,
            0.9923181533813477
        ]
    ],
    "T": [
        0.018398769199848175,
        -0.8434344530105591,
        8.063203811645508
    ]
}