{
    "R": [
        [
            -0.9970368146896362,
            0.03685399517416954,
            -0.06752297282218933
        ],
        [
            -0.036084603518247604,
            -0.9992695450782776,
            -0.012579399161040783
        ],
        [
            -0.06793725490570068,
            -0.010105584748089314,
            0.9976384043693542
        ]
    ],
    "T": [
        -0.1869690865278244,
        -0.9089276194572449,
        8.116613388061523
    ]
}