{
    "R": [
        [
            0.1028977558016777,
            -0.9209795594215393,
            -0.3757775127887726
        ],
        [
            0.8625863790512085,
            -0.10550837963819504,
            0.49478551745414734
        ],
        [
            -0.49533501267433167,
            -0.37505286931991577,
            0.7835678458213806
        ]
    ],
    "T": [
        0.49018314480781555,
        -0.8302140831947327,
        7.362192153930664
    ]
}