{
    "R": [
        [
            -0.996624767780304,
            0.037484318017959595,
            -0.07303403317928314
        ],
        [
            -0.03672265633940697,
            -0.9992564916610718,
            -0.011744341813027859
        ],
        [
            -0.0734199583530426,
            -0.009022697806358337,
            0.9972602725028992
        ]
    ],
    "T": [
        -0.17208246886730194,
        -0.905301570892334,
        8.102581024169922
    ]
}