{
    "R": [
        [
            -0.9902094602584839,
            0.13918305933475494,
            -0.010642115958034992
        ],
        [
            -0.1392093151807785,
            -0.990261435508728,
            0.001763060805387795
        ],
        [
            -0.010293088853359222,
            0.0032272811513394117,
            0.9999418258666992
        ]
    ],
    "T": [
        -0.1654062569141388,
        -0.816417396068573,
        7.928651332855225
    ]
}