{
    "R": [
        [
            -0.6662651896476746,
            -0.6368123888969421,
            -0.3880215287208557
        ],
        [
            0.6471068263053894,
            -0.7523208260536194,
            0.12355615198612213
        ],
        [
            -0.37059876322746277,
            -0.1687702238559723,
            0.9133307933807373
        ]
    ],
    "T": [
        0.723486602306366,
        -1.1636996269226074,
        7.898228168487549
    ]
}