{
    "R": [
        [
            -0.8597508668899536,
            -0.409919410943985,
            -0.30462199449539185
        ],
        [
            0.4244239032268524,
            -0.9052366614341736,
            0.02027193084359169
        ],
        [
            -0.2840648591518402,
            -0.11186005175113678,
            0.9522575736045837
        ]
    ],
    "T": [
        0.41798508167266846,
        -1.2987333536148071,
        7.954967975616455
    ]
}