{
    "R": [
        [
            -0.9961476922035217,
            0.03481694683432579,
            -0.08048297464847565
        ],
        [
            -0.03427163138985634,
            -0.9993793368339539,
            -0.00814746879041195
        ],
        [
            -0.08071669191122055,
            -0.005357800051569939,
            0.9967226982116699
        ]
    ],
    "T": [
        -0.1623508483171463,
        -0.8966619372367859,
        8.103416442871094
    ]
}