{
    "R": [
        [
            -0.31370291113853455,
            -0.8566637635231018,
            -0.40953344106674194
        ],
        [
            0.8276231288909912,
            -0.4581073522567749,
            0.32431095838546753
        ],
        [
            -0.4654357135295868,
            -0.23720207810401917,
            0.8527044057846069
        ]
    ],
    "T": [
        0.5273655652999878,
        -0.9062231183052063,
        7.563329696655273
    ]
}