{
    "R": [
        [
            -0.9890369176864624,
            -0.06921692937612534,
            -0.1304415613412857
        ],
        [
            0.0689404234290123,
            -0.9975987076759338,
            0.0066397241316735744
        ],
        [
            -0.13058790564537048,
            -0.002425763988867402,
            0.9914337396621704
        ]
    ],
    "T": [
        -0.0005138542619533837,
        -0.8991761207580566,
        8.062870025634766
    ]
}