{
    "R": [
        [
            -0.9909701943397522,
            -0.06876607239246368,
            -0.11510581523180008
        ],
        [
            0.071274034678936,
            -0.9972977042198181,
            -0.017811380326747894
        ],
        [
            -0.1135699525475502,
            -0.025854602456092834,
            0.9931935667991638
        ]
    ],
    "T": [
        0.03667132556438446,
        -1.1146963834762573,
        7.86221981048584
    ]
}