{
    "R": [
        [
            -0.9974246621131897,
            0.04592111334204674,
            -0.055093079805374146
        ],
        [
            -0.045964501798152924,
            -0.9989429712295532,
            -0.000480004760902375
        ],
        [
            -0.05505688488483429,
            0.0020535574294626713,
            0.9984810948371887
        ]
    ],
    "T": [
        -0.054404113441705704,
        -0.8579089641571045,
        7.938681602478027
    ]
}