{
    "R": [
        [
            0.17975401878356934,
            -0.9090842604637146,
            -0.37583813071250916
        ],
        [
            0.8460045456886292,
            -0.052092354744672775,
            0.5306248664855957
        ],
        [
            -0.5019609928131104,
            -0.4133427143096924,
            0.7597255706787109
        ]
    ],
    "T": [
        0.36636435985565186,
        -0.8526234030723572,
        7.430065155029297
    ]
}