{
    "R": [
        [
            0.14740562438964844,
            -0.9135755896568298,
            -0.3790134787559509
        ],
        [
            0.8528156280517578,
            -0.07669780403375626,
            0.5165490508079529
        ],
        [
            -0.5009761452674866,
            -0.39937084913253784,
            0.7678058743476868
        ]
    ],
    "T": [
        0.42536088824272156,
        -0.8775054812431335,
        7.4405388832092285
    ]
}