{
    "R": [
        [
            -0.7317439317703247,
            -0.578255832195282,
            -0.3607921600341797
        ],
        [
            0.5873910784721375,
            -0.8035268187522888,
            0.09652146697044373
        ],
        [
            -0.3457202613353729,
            -0.1412971019744873,
            0.9276381731033325
        ]
    ],
    "T": [
        0.5874847173690796,
        -1.0971510410308838,
        7.809285640716553
    ]
}