{
    "R": [
        [
            -0.9917052984237671,
            -0.05750064179301262,
            -0.11495359241962433
        ],
        [
            0.05636840686202049,
            -0.9983243942260742,
            0.01307872124016285
        ],
        [
            -0.11551300436258316,
            0.006490486674010754,
            0.9932847619056702
        ]
    ],
    "T": [
        0.005355055909603834,
        -0.7896606922149658,
        7.992835521697998
    ]
}