{
    "R": [
        [
            -0.9943505525588989,
            -0.01788661628961563,
            -0.10462824255228043
        ],
        [
            0.017925020307302475,
            -0.999839186668396,
            0.0005733254947699606
        ],
        [
            -0.10462167114019394,
            -0.0013053769944235682,
            0.9945112466812134
        ]
    ],
    "T": [
        -0.1412685364484787,
        -0.9387756586074829,
        8.052994728088379
    ]
}