{
    "R": [
        [
            -0.9906699657440186,
            -0.0598662905395031,
            -0.12242957204580307
        ],
        [
            0.059243254363536835,
            -0.9982054233551025,
            0.008726202882826328
        ],
        [
            -0.1227322667837143,
            0.0013916617026552558,
            0.9924388527870178
        ]
    ],
    "T": [
        -0.05764049291610718,
        -0.8884601593017578,
        8.052529335021973
    ]
}