{
    "R": [
        [
            -0.5153383612632751,
            -0.7511031627655029,
            -0.4126383662223816
        ],
        [
            0.7442057728767395,
            -0.6309861540794373,
            0.21912139654159546
        ],
        [
            -0.4249518811702728,
            -0.1941661834716797,
            0.8841466903686523
        ]
    ],
    "T": [
        0.751947820186615,
        -1.0840996503829956,
        7.49595832824707
    ]
}