{
    "R": [
        [
            0.03234294801950455,
            -0.9247996211051941,
            -0.3790772557258606
        ],
        [
            0.874100387096405,
            -0.15774638950824738,
            0.4594176709651947
        ],
        [
            -0.4846673607826233,
            -0.3462104797363281,
            0.8032657504081726
        ]
    ],
    "T": [
        0.5173043012619019,
        -0.8126387596130371,
        7.314016342163086
    ]
}