{
    "R": [
        [
            -0.9769748449325562,
            -0.14769427478313446,
            -0.15396933257579803
        ],
        [
            0.15162993967533112,
            -0.9883371591567993,
            -0.014073574915528297
        ],
        [
            -0.15009503066539764,
            -0.03709588944911957,
            0.9879754185676575
        ]
    ],
    "T": [
        0.05683303624391556,
        -1.1013809442520142,
        7.942402362823486
    ]
}