{
    "R": [
        [
            -0.9955436587333679,
            0.006619112566113472,
            -0.09406924992799759
        ],
        [
            -0.006024408154189587,
            -0.9999600648880005,
            -0.006604566238820553
        ],
        [
            -0.09410921484231949,
            -0.006008422467857599,
            0.9955437779426575
        ]
    ],
    "T": [
        -0.1479085236787796,
        -0.9542554020881653,
        8.085200309753418
    ]
}